<?xml version="1.0"?>
<Runs Version="1" Minor="0">
	<Run Id="AXI_Invert_Testing_processing_system7_0_0_synth_1" LaunchDir="C:/GitHub/ReconHardware/FPGA_Files/Projects/AXI_Convolution_Controller/AXI_Convolution_Controller.runs/AXI_Invert_Testing_processing_system7_0_0_synth_1" FlowId="Vivado_Synthesis" FromStepId="vivado" ToStepId="vivado"/>
	<Run Id="AXI_Invert_Testing_axi_dma_0_0_synth_1" LaunchDir="C:/GitHub/ReconHardware/FPGA_Files/Projects/AXI_Convolution_Controller/AXI_Convolution_Controller.runs/AXI_Invert_Testing_axi_dma_0_0_synth_1" FlowId="Vivado_Synthesis" FromStepId="vivado" ToStepId="vivado"/>
	<Run Id="AXI_Invert_Testing_xbar_0_synth_1" LaunchDir="C:/GitHub/ReconHardware/FPGA_Files/Projects/AXI_Convolution_Controller/AXI_Convolution_Controller.runs/AXI_Invert_Testing_xbar_0_synth_1" FlowId="Vivado_Synthesis" FromStepId="vivado" ToStepId="vivado"/>
	<Run Id="AXI_Invert_Testing_rst_ps7_0_100M_0_synth_1" LaunchDir="C:/GitHub/ReconHardware/FPGA_Files/Projects/AXI_Convolution_Controller/AXI_Convolution_Controller.runs/AXI_Invert_Testing_rst_ps7_0_100M_0_synth_1" FlowId="Vivado_Synthesis" FromStepId="vivado" ToStepId="vivado"/>
	<Run Id="AXI_Invert_Testing_Convolution_Controll_0_0_synth_1" LaunchDir="C:/GitHub/ReconHardware/FPGA_Files/Projects/AXI_Convolution_Controller/AXI_Convolution_Controller.runs/AXI_Invert_Testing_Convolution_Controll_0_0_synth_1" FlowId="Vivado_Synthesis" FromStepId="vivado" ToStepId="vivado"/>
	<Run Id="AXI_Invert_Testing_xbar_1_synth_1" LaunchDir="C:/GitHub/ReconHardware/FPGA_Files/Projects/AXI_Convolution_Controller/AXI_Convolution_Controller.runs/AXI_Invert_Testing_xbar_1_synth_1" FlowId="Vivado_Synthesis" FromStepId="vivado" ToStepId="vivado"/>
	<Run Id="AXI_Invert_Testing_auto_pc_0_synth_1" LaunchDir="C:/GitHub/ReconHardware/FPGA_Files/Projects/AXI_Convolution_Controller/AXI_Convolution_Controller.runs/AXI_Invert_Testing_auto_pc_0_synth_1" FlowId="Vivado_Synthesis" FromStepId="vivado" ToStepId="vivado"/>
	<Run Id="AXI_Invert_Testing_auto_us_0_synth_1" LaunchDir="C:/GitHub/ReconHardware/FPGA_Files/Projects/AXI_Convolution_Controller/AXI_Convolution_Controller.runs/AXI_Invert_Testing_auto_us_0_synth_1" FlowId="Vivado_Synthesis" FromStepId="vivado" ToStepId="vivado"/>
	<Run Id="AXI_Invert_Testing_auto_us_1_synth_1" LaunchDir="C:/GitHub/ReconHardware/FPGA_Files/Projects/AXI_Convolution_Controller/AXI_Convolution_Controller.runs/AXI_Invert_Testing_auto_us_1_synth_1" FlowId="Vivado_Synthesis" FromStepId="vivado" ToStepId="vivado"/>
	<Run Id="AXI_Invert_Testing_auto_pc_1_synth_1" LaunchDir="C:/GitHub/ReconHardware/FPGA_Files/Projects/AXI_Convolution_Controller/AXI_Convolution_Controller.runs/AXI_Invert_Testing_auto_pc_1_synth_1" FlowId="Vivado_Synthesis" FromStepId="vivado" ToStepId="vivado"/>
	<Parameters>
		<Parameter Name="runs.monitorLSFJobs" Val="true" Type="bool"/>
		<Parameter Name="runs.enableClusterConf" Val="true" Type="bool"/>
	</Parameters>
</Runs>

