<?xml version="1.0" encoding="UTF-8"?>
<GenRun Id="synth_1" LaunchPart="xc7z020clg400-1" LaunchTime="1608061620">
  <File Type="PA-TCL" Name="AXI_Conv_wrapper.tcl"/>
  <File Type="RDS-PROPCONSTRS" Name="AXI_Conv_wrapper_drc_synth.rpt"/>
  <File Type="REPORTS-TCL" Name="AXI_Conv_wrapper_reports.tcl"/>
  <File Type="RDS-RDS" Name="AXI_Conv_wrapper.vds"/>
  <File Type="RDS-UTIL" Name="AXI_Conv_wrapper_utilization_synth.rpt"/>
  <File Type="RDS-UTIL-PB" Name="AXI_Conv_wrapper_utilization_synth.pb"/>
  <File Type="RDS-DCP" Name="AXI_Conv_wrapper.dcp"/>
  <File Type="VDS-TIMINGSUMMARY" Name="AXI_Conv_wrapper_timing_summary_synth.rpt"/>
  <File Type="VDS-TIMING-PB" Name="AXI_Conv_wrapper_timing_summary_synth.pb"/>
  <FileSet Name="sources" Type="DesignSrcs" RelSrcDir="$PSRCDIR/sources_1">
    <Filter Type="Srcs"/>
    <File Path="$PSRCDIR/sources_1/bd/Convolution_Controller/Convolution_Controller.bd">
      <FileInfo>
        <Attr Name="UsedIn" Val="synthesis"/>
        <Attr Name="UsedIn" Val="implementation"/>
        <Attr Name="UsedIn" Val="simulation"/>
      </FileInfo>
    </File>
    <File Path="$PSRCDIR/sources_1/bd/Convolution_Controller/hdl/Convolution_Controller_wrapper.v">
      <FileInfo>
        <Attr Name="UsedIn" Val="synthesis"/>
        <Attr Name="UsedIn" Val="implementation"/>
        <Attr Name="UsedIn" Val="simulation"/>
      </FileInfo>
    </File>
    <File Path="$PPRDIR/../../Sources/definitions.h">
      <FileInfo>
        <Attr Name="UsedIn" Val="synthesis"/>
        <Attr Name="UsedIn" Val="simulation"/>
      </FileInfo>
    </File>
    <File Path="$PPRDIR/../../Sources/General/XBar2.v">
      <FileInfo>
        <Attr Name="UsedIn" Val="synthesis"/>
        <Attr Name="UsedIn" Val="implementation"/>
        <Attr Name="UsedIn" Val="simulation"/>
      </FileInfo>
    </File>
    <File Path="$PPRDIR/../../Sources/Adder/adder.v">
      <FileInfo>
        <Attr Name="UsedIn" Val="synthesis"/>
        <Attr Name="UsedIn" Val="implementation"/>
        <Attr Name="UsedIn" Val="simulation"/>
      </FileInfo>
    </File>
    <File Path="$PPRDIR/../../Sources/General/matrixAccelerator.v">
      <FileInfo>
        <Attr Name="UsedIn" Val="synthesis"/>
        <Attr Name="UsedIn" Val="implementation"/>
        <Attr Name="UsedIn" Val="simulation"/>
      </FileInfo>
    </File>
    <File Path="$PPRDIR/../../Sources/Multiplier/multiplyComputePynq.v">
      <FileInfo>
        <Attr Name="UsedIn" Val="synthesis"/>
        <Attr Name="UsedIn" Val="implementation"/>
        <Attr Name="UsedIn" Val="simulation"/>
      </FileInfo>
    </File>
    <File Path="$PPRDIR/../../Sources/General/AXI_Conv_wrapper.v">
      <FileInfo>
        <Attr Name="UsedIn" Val="synthesis"/>
        <Attr Name="UsedIn" Val="implementation"/>
        <Attr Name="UsedIn" Val="simulation"/>
      </FileInfo>
    </File>
    <Config>
      <Option Name="DesignMode" Val="RTL"/>
      <Option Name="TopModule" Val="AXI_Conv_wrapper"/>
      <Option Name="TopAutoSet" Val="TRUE"/>
    </Config>
  </FileSet>
  <FileSet Name="constrs_in" Type="Constrs" RelSrcDir="$PSRCDIR/constrs_1">
    <Filter Type="Constrs"/>
    <Config>
      <Option Name="ConstrsType" Val="XDC"/>
    </Config>
  </FileSet>
  <FileSet Name="utils" Type="Utils" RelSrcDir="$PSRCDIR/utils_1">
    <Filter Type="Utils"/>
    <Config>
      <Option Name="TopAutoSet" Val="TRUE"/>
    </Config>
  </FileSet>
  <Strategy Version="1" Minor="2">
    <StratHandle Name="Vivado Synthesis Defaults" Flow="Vivado Synthesis 2020"/>
    <Step Id="synth_design"/>
  </Strategy>
  <BlockFileSet Type="BlockSrcs" Name="Convolution_Controller_xbar_0"/>
  <BlockFileSet Type="BlockSrcs" Name="Convolution_Controller_rst_ps7_0_100M_0"/>
  <BlockFileSet Type="BlockSrcs" Name="Convolution_Controller_axi_dma_0_0"/>
  <BlockFileSet Type="BlockSrcs" Name="Convolution_Controller_xbar_1"/>
  <BlockFileSet Type="BlockSrcs" Name="Convolution_Controller_Convolution_Controll_0_0"/>
</GenRun>
