{
  "version": "2020.1",
  "applications": [],
  "platforms": [
    {
      "name": "pr_led"
    }
  ],
  "systems": [
    {
      "name": "pr_led_sw_system",
      "platform": "C:/GitHub/ReconHardware/FPGA_Files/Software/pr_led/export/pr_led/pr_led.xpfm",
      "sysConfig": "pr_led",
      "applications": [
        {
          "name": "pr_led_sw",
          "platform": "C:/GitHub/ReconHardware/FPGA_Files/Software/pr_led/export/pr_led/pr_led.xpfm",
          "platformPath": "C:\\GitHub\\ReconHardware\\FPGA_Files\\Software\\pr_led\\export\\pr_led",
          "sysConfig": "pr_led",
          "domain": "standalone_domain",
          "system": "pr_led_sw_system"
        }
      ],
      "platformPath": "C:\\GitHub\\ReconHardware\\FPGA_Files\\Software\\pr_led\\export\\pr_led"
    }
  ],
  "others": []
}